{
  "db": {
    "db_host": "your_db_host",
    "db_port": 3306,
    "db_user": "your_db_username",
    "db_password": "your_db_user's_password",
    "db_name": "dbname"
  },
  "hostname": "localhost",
  "serverPort": "3535",
  "apacheProxy": false,
  "scheduleConfig": {
    "delete": "12",
    "notif": "24"
  },
  "usersTable": "tbl_users",
  "settingTable": "tbl_settings",
  "serverTable": "tbl_servers",
  "salestable": "tbl_sales",
  "audittable": "tbl_audit_logs",
  "bundletable": "tbl_bundles",
  "bundleRELtable": "tbl_rel_bundle_server",
  "jwt": {
    "key": "add some random generated string here min 32length"
  },
  "app": {
    "secret": "add some random generated string here min 32length"
  },
  "steam_api_key": "Your Steam API Key Here (Leave Empty to disable steam login)",
  "payment_gateways": {
    "paypal": {
      "paypal_client_id": "Your paypal client id here (Leave Empty to disable Paypal Feature)"
    },
    "payU": {
      "enabled": "write true to enable payu and false to disable payu, make sure to write true or false without double codes as it is boolean value",
      "environment": "write test to run payu in test environment, live to make payu work with live payments",
      "merchantKey": "your payu merchant key (test key for test, live key for live)",
      "merchantSalt": "your payu merchant salt (test salt for test, live salt for live)"
    }
  },
  "logging": {
    "logLevel": "INFO"
  }
}